-- MySQL dump 10.13  Distrib 5.7.26, for Linux (x86_64)
--
-- Host: 127.0.0.1    Database: travel
-- ------------------------------------------------------
-- Server version	5.7.25

/*!40101 SET @OLD_CHARACTER_SET_CLIENT=@@CHARACTER_SET_CLIENT */;
/*!40101 SET @OLD_CHARACTER_SET_RESULTS=@@CHARACTER_SET_RESULTS */;
/*!40101 SET @OLD_COLLATION_CONNECTION=@@COLLATION_CONNECTION */;
/*!40101 SET NAMES utf8 */;
/*!40103 SET @OLD_TIME_ZONE=@@TIME_ZONE */;
/*!40103 SET TIME_ZONE='+00:00' */;
/*!40014 SET @OLD_UNIQUE_CHECKS=@@UNIQUE_CHECKS, UNIQUE_CHECKS=0 */;
/*!40014 SET @OLD_FOREIGN_KEY_CHECKS=@@FOREIGN_KEY_CHECKS, FOREIGN_KEY_CHECKS=0 */;
/*!40101 SET @OLD_SQL_MODE=@@SQL_MODE, SQL_MODE='NO_AUTO_VALUE_ON_ZERO' */;
/*!40111 SET @OLD_SQL_NOTES=@@SQL_NOTES, SQL_NOTES=0 */;

--
-- Table structure for table `attractions`
--

DROP TABLE IF EXISTS `attractions`;
/*!40101 SET @saved_cs_client     = @@character_set_client */;
/*!40101 SET character_set_client = utf8 */;
CREATE TABLE `attractions` (
  `id` int(11) NOT NULL AUTO_INCREMENT,
  `name` varchar(100) DEFAULT NULL,
  `recom` text,
  `city_id` int(11) DEFAULT NULL,
  `weekendHot` tinyint(1) DEFAULT '0',
  `recomment` tinyint(1) DEFAULT '0',
  `weekendGo` tinyint(1) DEFAULT '0',
  PRIMARY KEY (`id`)
) ENGINE=InnoDB AUTO_INCREMENT=19 DEFAULT CHARSET=utf8;
/*!40101 SET character_set_client = @saved_cs_client */;

--
-- Dumping data for table `attractions`
--

LOCK TABLES `attractions` WRITE;
/*!40000 ALTER TABLE `attractions` DISABLE KEYS */;
INSERT INTO `attractions` VALUES (3,'故宫','1.还记得影视剧中，皇帝上朝的金銮殿嘛？金銮殿名为太和殿，是皇帝登基和举行大典的地方。:http://img1.qunarzz.com/sight/p0/1501/b5/b536539824a83cb3.water.jpg_710x420_f9ffc62d.jpg,2.御花园是后宫佳丽和皇帝游玩观赏的地方，园内青翠的松、柏、竹间点缀着山石，形成四季长青的园林景观，体现天人合一的汉族传统文化。:http://img1.qunarzz.com/sight/p0/1501/af/af47583adca3f972.water.jpg_710x420_7c5911c1.jpg,',NULL,0,1,0),(4,'德化九仙山','1.国家AAAA级景区德化九仙山，是一座集秀美风光、宗教圣地和文物古迹于一山的旅游胜地，位于德化县西北部，距离泉州市区140公里、德化县城关22公里。九仙山景致宜人，春天，杜鹃花漫山怒放；夏日，时而云海飘渺，时而日丽山青；秋季，红叶铺径，观旭日东升，或落霞纷飞；冬季山中常雾凇垂玉，一派北国风光，令人流连忘返。:http://img1.qunarzz.com/sight/p0/1504/20/20f8ace9cb5bcbf2.water.jpg_710x420_380847ae.jpg,2.九仙山还是闽南地区的宗教圣地。灵鹫岩寺曾一度成为福建省佛教活动中心之一，其18支房派的900多位僧人遍布各地，香火远播闽台及海外。:http://img1.qunarzz.com/sight/p0/1504/d4/d485f9aafd6bfee5.water.jpg_710x420_1f96403d.jpg,3.千百年来，骚人墨客游览九仙山，犹如亲临蓬莱仙境，明代诗人周枫也曾感怀：“何须航海外，中土有蓬莱。窈霭洞天里，神仙日往来。:http://img1.qunarzz.com/sight/p0/1504/1f/1fa50cf266a0ed9c.water.jpg_710x420_2e134655.jpg,',NULL,1,0,0),(5,'清源山','1.相传清源山曾经只有一座山峰，后来被天神劈成两半又叫做两分山，因山中有一清泉井水汩汩而出，永不干涸，自古以来被视为仙水。:http://img1.qunarzz.com/sight/p0/1501/c7/c704babc3dbd10cb.water.jpg_710x420_22267cf7.jpg,2.老君造像被列为全国重点保护文物，是中国道教石刻中独一无二的艺术老君造像瑰宝。它露天屹立，与大自然浑为一体，它的健在，足以证实誉称“世界宗教博物馆”的泉州古城。:http://img1.qunarzz.com/sight/p0/1501/38/38644bd62250f716.water.jpg_710x420_d5916c10.jpg,',NULL,1,0,0),(6,'石狮世茂摩天轮','位于钞坑片区的摩天轮与天幕将成为石狮夜空上耀眼的景观，成为在飞机上就可以清晰识别的石狮地标。:http://img1.qunarzz.com/sight/p0/1701/48/48201ed52a31518ba3.img.jpg_350x240_37b57466.jpg,',NULL,1,0,0),(7,'泉州海丝野生动物世界','1.泉州海丝野生动物世界坐落在泉州市洛江区马甲镇新庵村，园区占地约500亩，是按国家AAAA级风景区的标准进行建设、经营，集动物野趣观赏、精彩表演、休闲娱乐、科普教育为一体的大型综合性主题公园。园区共引进100多个物种2000多头只世界珍稀野生动物。:http://img1.qunarzz.com/sight/p0/1702/3f/3ffc2297280d414aa3.img.jpg_710x420_43c46b8e.jpg,2、景点特色：景区为步行游览区，内设动物表演馆跟互动区。浏览区主要汇集了世界各地的珍惜物种，包括长颈鹿、小熊猫、白狮、白虎、白犀、棕熊等。表演馆分为海狮表演馆跟马戏表演馆，海狮表演馆主要为海狮表演，马戏表演馆由老虎、黑熊、猴子、山羊等一起上演。互动区可以与动物互动、投喂食物。花海展示区主要种植各种应季花卉。儿童游乐园里有8种游乐设备，如碰碰车、海盗船、立环跑车等。:http://img1.qunarzz.com/sight/p0/1702/10/10975ac0cfb49a35a3.img.jpg_710x420_33049be5.jpg,',NULL,1,0,0),(8,'南安香草','1.一花一世界，一草一菩提，这里是画的海洋，这里是梦的天堂，无论与你相伴的是身边的爱人，还是家里的宝贝。:http://img1.qunarzz.com/sight/p0/1501/1a/1ad6369760cee79b.water.jpg_710x420_d131e20b.jpg,2.薰衣草可以给你一帘幽梦，杜鹃花可以告诉你，美好永远属于你，桃花会说她已经被爱情俘获。:http://img1.qunarzz.com/sight/p0/1501/8b/8b1e9d648f923e68.water.jpg_710x420_a5207d57.jpg,',NULL,1,0,0),(9,'洛江石龙谷','1.石龙谷生态景区位于国家级生态乡镇、泉州市美丽乡村“虹山乡”东北测。景区因孕育博大精深的中华文化遗产—彭祖文化而得名，当地便利的交通条件、秀丽的自然景观、世世代代淳朴的农耕文化为其景区的开发提供了有力的自然条件及深厚的文化底蕴。:http://img1.qunarzz.com/sight/p0/1705/46/46a8c11f0d0436da3.img.jpg_710x420_4eb21b26.jpg,2.石龙谷生态景区总规划占地面积3000多亩，第一期占地面积1000多亩，景区拥有森林卵石小径、森林氧吧、观光台、旱滑水滑道、宿营地、花海梯田、大峡谷观光体验区、石龙瀑布等。:http://img1.qunarzz.com/sight/p0/1705/38/387b1ca2175cf373a3.img.jpg_710x420_de81e41f.jpg,',NULL,1,0,0),(10,'崇武古城','1.是明朝廷为抗击倭患，在万里海疆修筑的60多座卫所城堡中仍保存完好的一座。:http://img1.qunarzz.com/sight/p0/1411/70/937da0accdab57053ef0ec6868840cb7.water.jpg_710x420_35b53aad.jpg,2.是明朝廷为抗击倭患，在万里海疆修筑的60多座卫所城堡中仍保存完好的一座。:http://img1.qunarzz.com/sight/p0/1411/1c/22eeba7156d9cbc0ccf8c4cab69a52bf.water.jpg_710x420_72cfdc91.jpg,3.古城是一处集滨海风光、历史文物、民俗风情、雕刻艺术于一体的国家AAAA级旅游景区，被誉为“天然影棚”、“南方北戴河”。:http://img1.qunarzz.com/sight/p0/1411/bc/1b054d997dfb6a8f42d867b7ae4761ae.water.jpg_710x420_412a806d.jpg,',NULL,1,0,0),(11,'泉州少林','1.少林寺位于清源山主景区左侧凤山之麓。1994年6月，福建省人民政府正式批复同意复建泉州少林寺，规划面积400亩，寺庙用地200亩。复建工程包括山门、天王殿、大雄宝殿、法堂、藏经阁、达摩祖师堂、伽兰祠、西堂、玄女堂、罗汉堂、十三堂、禅堂、观音殿、地藏殿、演武厅和泉州历代名人祠堂及其他配套设施。重现“泉南处处少林风”的历史风貌。:http://img1.qunarzz.com/sight/p0/1611/33/33434ad9fd76f847a3.water.jpg_710x420_f60474fd.jpg,2.灵山伊斯兰教圣墓在清源山风景名胜区灵山景区内，为全国重点文物保护单位。据明代何乔远《闽书》记载：唐武德年间（公元618—626年），穆罕默德遣三贤、四贤我高仕传教泉州，卒葬灵山。葬后是山夜光显发，人异其灵圣，故名曰圣墓，山曰灵山。现存两墓并列，墓盖用花岗岩雕刻，墓后倚山建马蹄形回廊，高约3米，回廊中的几根石柱颇似织布的梭子，古建筑专家称之为梭形柱，具有典型的唐代建筑特色。右侧一方为明永乐十五年（公元1417年）郑和第五次下西洋途经泉州，来此祭告行香后属下为之所立的记事碑。:http://img1.qunarzz.com/sight/p0/1611/c9/c9346c49227641a2a3.water.jpg_710x420_be59c03f.jpg,',NULL,1,0,0),(12,'鸟巢','1.北京奥运会期间，鸟巢作为主会场，承担开闭幕式、田径赛事和足球决赛。精彩绝伦的表演与大气宏伟结构相得益彰，令世人惊艳。:http://img1.qunarzz.com/wugc/p99/201204/20/f94d5f582a094a5d93835fbb.jpg_710x420_da3f7551.jpg,采用了先进的节能设计和环保措施，比如良好的自然通风和自然采光、雨水的全面回收、可再生地热能源的利用、太阳能光伏发电技术的应用等。:http://img1.qunarzz.com/sight/p0/1507/c9/eefaa23facb37ac4814e336070207804.water.jpg_710x420_6375ea7c.jpg,',NULL,0,1,0),(13,'金隅凤山温泉','1.储存于3800米深的侏罗纪白云岩温泉水，富含对人体有益的钙、镁、铁、钾、钠、氟等各种微量元素及矿物质，具有良好的保健功效。 :http://img1.qunarzz.com/sight/p0/1501/45/45c631bcc69e7f57.water.jpg_710x420_9f50efad.jpg,2.装修典雅的东区餐厅，有大宴会厅、小宴会厅、自助餐厅及雅间等多种类型，能制作川、淮扬、家常等系列的佳肴，可700人同时用餐，让您大快朵颐。:http://img1.qunarzz.com/sight/p0/1501/57/57ea2e0393c3ecbc.water.jpg_710x420_9fb9a8e5.jpg,',NULL,0,1,0),(14,'北京欢乐谷','1.这里是学生党名副其实的开心课堂，这里同样是青年情侣的浪漫圣地！时尚、动感、欢乐、梦幻的北京欢乐谷欢迎你！:http://img1.qunarzz.com/sight/p0/1507/cf/c0a8cf0b3e1221ccdd1a09002b96a718.water.jpg_710x420_ed82ea44.jpg,2.登上聚能飞船，随它升起在60米的天空。您可以眺望水晶圣城的峰顶，也可以看到水晶神翼在山间的缝隙中自由翱翔，更不用说甜品王国的小可爱与爱琴港湾的清澈水域，如果在夜晚，您还可以极目玛雅狂欢，眺望北京绚丽的灯光。:http://img1.qunarzz.com/sight/p0/1811/38/38b55b637dd41deea3.img.jpg_710x420_5a6acd9f.jpg,3.走进乘仓，跟这个120吨的庞然大物一起疯狂吧。6台大功率的异步驱动电机同时启动，为我们创造4.3G的加速度，瞬时飞跃至15层楼高的高空！:http://img1.qunarzz.com/sight/p0/1811/a2/a282cb20136e0344a3.img.jpg_710x420_30ba2113.jpg,',NULL,0,1,0),(15,'春晖园温泉度假村','1.北京春晖园温泉度假村阳光国际温泉会是独具特色的全天候温泉泡池，户内外相通，既可在户内池中感受温暖，也可在户外仰望星空，呼吸新鲜空气。:http://img1.qunarzz.com/sight/p0/1411/b7/5d0e521e1d2c9cae68354775605b043b.water.jpg_710x420_4c6d66f4.jpg,2.温馨的客房让你体验宾至如归的感觉。不一样的服务，不一样的优雅，让你爱上这里。:http://img1.qunarzz.com/sight/p0/1411/41/702814dae366887805892f66e31f0ac6.water.jpg_710x420_b2d8a6f1.jpg,',NULL,0,1,0),(16,'太平洋海底世界','海底隧道是太平洋海底世界的主体部分，长80米，采用90度到270度封闭式环形亚克力透明隧道设计，电动传输带载着游客沿通道在水下穿行，犹如亲临海底。:http://img1.qunarzz.com/sight/p0/1501/58/84f947b276d3794066dda3415d3be9ee.water.jpg_710x420_99032b68.jpg,',NULL,0,1,0),(17,'八达岭长城','1.八达岭长城史称天下九塞之一，是万里长城的精华，在明长城中，独具代表性。八达岭长城驰名中外，誉满全球。它是万里长城向游人开放较早的地段。“不到长城非好汉”。:http://img1.qunarzz.com/sight/p0/1501/c8/c8b20561a6e573c9.water.jpg_710x420_1d564039.jpg,2.不到长城非好汉，来到八达岭长城，必须要到好汉坡留个念！:http://img1.qunarzz.com/sight/p0/1411/8a/f8d9440862cefb36b619af81731d8d72.water.jpg_710x420_1d4d20f1.jpg,',NULL,0,1,0),(18,'北京海洋馆','1.北京海洋馆推出了新展区—“珊瑚花园、水母秘境”。“珊瑚花园”展示了来自于南太平洋—印度洋的珊瑚物种及珊瑚礁鱼类，还原了珊瑚礁自然生态环境。:http://img1.qunarzz.com/sight/p0/201403/07/522461cd4ad4fa65ece44efae6f048ab.jpg_710x420_7c50c8b5.jpg,',NULL,0,1,0);
/*!40000 ALTER TABLE `attractions` ENABLE KEYS */;
UNLOCK TABLES;

--
-- Table structure for table `attractions_image`
--

DROP TABLE IF EXISTS `attractions_image`;
/*!40101 SET @saved_cs_client     = @@character_set_client */;
/*!40101 SET character_set_client = utf8 */;
CREATE TABLE `attractions_image` (
  `id` int(11) NOT NULL AUTO_INCREMENT,
  `url` varchar(200) DEFAULT NULL,
  `type` varchar(20) DEFAULT 'detail',
  `attractions_id` int(11) DEFAULT NULL,
  `text` varchar(45) DEFAULT NULL,
  PRIMARY KEY (`id`)
) ENGINE=InnoDB AUTO_INCREMENT=183 DEFAULT CHARSET=utf8;
/*!40101 SET character_set_client = @saved_cs_client */;

--
-- Dumping data for table `attractions_image`
--

LOCK TABLES `attractions_image` WRITE;
/*!40000 ALTER TABLE `attractions_image` DISABLE KEYS */;
INSERT INTO `attractions_image` VALUES (1,'                \"http://img1.qunarzz.com/sight/p0/1409/19/adca619faaab0898245dc4ec482b5722.jpg_350x240_8e61302a.jpg\",','detail',1,NULL),(2,'                \"http://img1.qunarzz.com/sight/p55/201211/04/fbcab3e5d6479ce893835fbb.jpg_350x240_df8ba9f7.jpg\"','cover',1,NULL),(3,'http://img1.qunarzz.com/sight/p0/1409/19/adca619faaab0898245dc4ec482b5722.jpg_350x240_8e61302a.jpg','detail',3,NULL),(4,'http://img1.qunarzz.com/sight/p55/201211/04/fbcab3e5d6479ce893835fbb.jpg_350x240_df8ba9f7.jpg','detail',3,NULL),(5,'http://img1.qunarzz.com/wugc/p180/201306/16/7f08e81624346b1693835fbb.jpg_350x240_b09a9503.jpg','detail',3,NULL),(6,'http://img1.qunarzz.com/wugc/p123/201211/19/a2045d091f02b25493835fbb.png_350x240_cf4cd08e.png','detail',3,NULL),(7,'http://img1.qunarzz.com/sight/p0/1410/e3/73da8d3e19cdc41c1932d4fcd22ec792.water.jpg_350x240_af846382.jpg','detail',3,NULL),(8,'http://img1.qunarzz.com/sight/p0/1410/9d/fe8109ab5df1c9c324e74284fa802e72.water.jpg_350x240_8571d9ed.jpg','detail',3,NULL),(9,'http://img1.qunarzz.com/wugc/p238/201306/16/d9090c728fed64eb93835fbb.jpg_350x240_afe6c0fa.jpg','detail',3,NULL),(10,'http://img1.qunarzz.com/sight/p0/1504/cb/cbd992d4861cbcaf.water.jpg_350x240_e7d0cc5a.jpg','detail',4,NULL),(11,'http://img1.qunarzz.com/sight/p0/1504/20/20f8ace9cb5bcbf2.water.jpg_350x240_b91d683d.jpg','detail',4,NULL),(12,'http://img1.qunarzz.com/sight/p0/1504/1f/1fa50cf266a0ed9c.water.jpg_350x240_6bac217f.jpg','detail',4,NULL),(13,'http://img1.qunarzz.com/sight/p0/1504/d4/d485f9aafd6bfee5.water.jpg_350x240_c8043f79.jpg','detail',4,NULL),(14,'http://img1.qunarzz.com/sight/p0/1504/1c/1c48bc933148315e.water.jpg_350x240_777a07d7.jpg','detail',4,NULL),(15,'http://img1.qunarzz.com/sight/p0/1504/6f/6f7abf90dbea7c94.water.jpg_350x240_dc22cf06.jpg','detail',4,NULL),(16,'http://img1.qunarzz.com/sight/p0/1504/62/62700424a95004ff.water.jpg_350x240_82ce5887.jpg','detail',4,NULL),(17,'http://img1.qunarzz.com/sight/p0/1504/84/8441733767f5b290.water.jpg_350x240_fa74a416.jpg','detail',4,NULL),(18,'http://img1.qunarzz.com/sight/p0/1504/15/15d6c6e6877f26bd.water.jpg_350x240_e46d5519.jpg','detail',4,NULL),(19,'http://img1.qunarzz.com/sight/p0/1504/58/587ed17d18a868a8.water.jpg_350x240_5e411083.jpg','detail',4,NULL),(20,'http://img1.qunarzz.com/sight/p0/1504/19/198a309a025f3d6f.water.jpg_350x240_7ebc025f.jpg','detail',4,NULL),(21,'http://img1.qunarzz.com/sight/p0/1504/4a/4aad9e890c10d382.water.jpg_350x240_1eb3a780.jpg','detail',4,NULL),(22,'http://img1.qunarzz.com/sight/p0/1504/7d/7d25eff546db0312.water.jpg_350x240_e103765a.jpg','detail',4,NULL),(23,'http://img1.qunarzz.com/sight/p0/1501/88/88eaebdf8c0ac671.water.jpg_350x240_7b6205b3.jpg','detail',5,NULL),(24,'http://img1.qunarzz.com/sight/p0/1501/4c/4c00de39e1e5e064.water.jpg_350x240_fb496e67.jpg','detail',5,NULL),(25,'http://img1.qunarzz.com/sight/p0/1501/78/78cd580e4fb85e0.water.jpg_350x240_3c269b64.jpg','detail',5,NULL),(26,'http://img1.qunarzz.com/sight/p0/1501/7b/7b41f797aae8852.water.jpg_350x240_df52a41e.jpg','detail',5,NULL),(27,'http://img1.qunarzz.com/sight/p0/1501/97/979a6737e77caa84.water.jpg_350x240_fe261bd3.jpg','detail',5,NULL),(28,'http://img1.qunarzz.com/sight/p0/1501/38/38644bd62250f716.water.jpg_350x240_1e9910d4.jpg','detail',5,NULL),(29,'http://img1.qunarzz.com/sight/p0/1501/97/97c113586638bf19.water.jpg_350x240_9667fc5e.jpg','detail',5,NULL),(30,'http://img1.qunarzz.com/sight/p0/1501/17/1718c8f254808621.water.jpg_350x240_51582b89.jpg','detail',5,NULL),(31,'http://img1.qunarzz.com/sight/p0/1501/70/70ec8aa72cc12532.water.jpg_350x240_3348f856.jpg','detail',5,NULL),(32,'http://img1.qunarzz.com/sight/p0/1501/c3/c3281bf13ec7480c.water.jpg_350x240_4b1c44c3.jpg','detail',5,NULL),(33,'http://img1.qunarzz.com/sight/p0/1501/5a/5ac603eca979f827.water.jpg_350x240_f5b0b90a.jpg','detail',5,NULL),(34,'http://img1.qunarzz.com/sight/p0/1501/2e/2e575c7a3dc45427.water.jpg_350x240_00028e6a.jpg','detail',5,NULL),(35,'http://img1.qunarzz.com/sight/p0/1701/48/48201ed52a31518ba3.img.jpg_350x240_37b57466.jpg','detail',6,NULL),(36,'http://img1.qunarzz.com/sight/p0/1702/3f/3ffc2297280d414aa3.img.jpg_350x240_5ccd31b7.jpg','detail',7,NULL),(37,'http://img1.qunarzz.com/sight/p0/1702/30/307a655556180f3aa3.img.jpg_350x240_d849e719.jpg','detail',7,NULL),(38,'http://img1.qunarzz.com/sight/p0/1702/10/10975ac0cfb49a35a3.img.jpg_350x240_bb2e1bff.jpg','detail',7,NULL),(39,'http://img1.qunarzz.com/sight/p0/1702/65/65b039f7be90a2a0a3.img.jpg_350x240_ef7e46f3.jpg','detail',7,NULL),(40,'http://img1.qunarzz.com/sight/p0/1501/8b/8b1e9d648f923e68.water.jpg_350x240_df90b550.jpg','detail',8,NULL),(41,'http://img1.qunarzz.com/sight/p0/1501/1a/1ad6369760cee79b.water.jpg_350x240_79914637.jpg','detail',8,NULL),(42,'http://img1.qunarzz.com/sight/p0/1501/2a/2acc0bab48b263aa.water.jpg_350x240_aa374cb6.jpg','detail',8,NULL),(43,'http://img1.qunarzz.com/sight/p0/1501/de/de48ae8e078c37ff.water.jpg_350x240_a86f2b4a.jpg','detail',8,NULL),(44,'http://img1.qunarzz.com/sight/p0/1501/6f/6f3fc369116b1a6.water.jpg_350x240_673809a8.jpg','detail',8,NULL),(45,'http://img1.qunarzz.com/sight/p0/1501/62/62fa8541751f2924.water.jpg_350x240_6affd4ea.jpg','detail',8,NULL),(46,'http://img1.qunarzz.com/sight/p0/1501/65/658fe3e682db902f.water.jpg_350x240_06c6bc44.jpg','detail',8,NULL),(47,'http://img1.qunarzz.com/sight/p0/1705/88/88e65ed5da3ff5d7a3.img.jpg_350x240_ef0e8d93.jpg','detail',9,NULL),(48,'http://img1.qunarzz.com/sight/p0/1705/d4/d444658076f0ab23a3.img.jpg_350x240_e5ed2913.jpg','detail',9,NULL),(49,'http://img1.qunarzz.com/sight/p0/1705/46/46a8c11f0d0436da3.img.jpg_350x240_78d87c0c.jpg','detail',9,NULL),(50,'http://img1.qunarzz.com/sight/p0/1705/38/387b1ca2175cf373a3.img.jpg_350x240_4586f0d1.jpg','detail',9,NULL),(51,'http://img1.qunarzz.com/sight/p0/1705/87/87c0d2fedb515e2aa3.img.jpg_350x240_98bc6585.jpg','detail',9,NULL),(52,'http://img1.qunarzz.com/sight/p0/1411/97/1f50d2cb9964b3d0ca21b51587060961.water.jpg_350x240_5f7ecabb.jpg','detail',10,NULL),(53,'http://img1.qunarzz.com/sight/p0/1411/4f/a1774c4a1d6d5123fa1119d9ebc1cbae.water.jpg_350x240_6bfa3b45.jpg','detail',10,NULL),(54,'http://img1.qunarzz.com/sight/p0/1411/ac/001e98cdfdad9d9ed6a32c64ee5cb41d.water.jpg_350x240_0857088b.jpg','detail',10,NULL),(55,'http://img1.qunarzz.com/sight/p0/1411/d5/f93b06afeab2ac0f41cc80d5872511f2.water.jpg_350x240_5f2558d8.jpg','detail',10,NULL),(56,'http://img1.qunarzz.com/sight/p0/1411/8e/22cc93842fffd9184dbeeab4986afe11.water.jpg_350x240_e49e8c40.jpg','detail',10,NULL),(57,'http://img1.qunarzz.com/sight/p0/1411/ee/1e69a6d8d750e59736b23ae3eff72782.water.jpg_350x240_53c4f1a8.jpg','detail',10,NULL),(58,'http://img1.qunarzz.com/sight/p0/1411/1c/22eeba7156d9cbc0ccf8c4cab69a52bf.water.jpg_350x240_35232c05.jpg','detail',10,NULL),(59,'http://img1.qunarzz.com/sight/p0/1411/ec/3e2df8ea90ff94d5a98c6d1132a6369c.water.jpg_350x240_6593cb12.jpg','detail',10,NULL),(60,'http://img1.qunarzz.com/sight/p0/1411/d5/2a838195e317d01dfe80e00eef6f00ba.water.jpg_350x240_712f9d5f.jpg','detail',10,NULL),(61,'http://img1.qunarzz.com/sight/p0/1411/57/516e8e2865e209d64c12e3a2d76ae6fc.water.jpg_350x240_28181fe0.jpg','detail',10,NULL),(62,'http://img1.qunarzz.com/sight/p0/1411/ed/3d88f3bfc6dcce54ed610999d27f4764.water.jpg_350x240_c2837b2c.jpg','detail',10,NULL),(63,'http://img1.qunarzz.com/sight/p0/1411/fb/582ba58301e343966c7a7049245cce06.water.jpg_350x240_d258c2a5.jpg','detail',10,NULL),(64,'http://img1.qunarzz.com/sight/p0/1411/b1/81215bf7b79372fb555c43537c7f084f.water.jpg_350x240_43643dd4.jpg','detail',10,NULL),(65,'http://img1.qunarzz.com/sight/p46/201211/07/83ad51bb944657e893835fbb.jpg_350x240_9232c2da.jpg','detail',10,NULL),(66,'http://img1.qunarzz.com/sight/p0/201402/26/9830433efb97ce270c06f20b9b24f2c3.jpg_350x240_4a8c76ac.jpg','detail',10,NULL),(67,'http://img1.qunarzz.com/sight/p0/201402/26/243849a955a4df2192093977ad151c23.jpg_350x240_20486c31.jpg','detail',10,NULL),(68,'http://img1.qunarzz.com/sight/p0/1411/6c/f1c4de75b107be8af1e818b2baebf1dd.water.jpg_350x240_b7d58839.jpg','detail',10,NULL),(69,'http://img1.qunarzz.com/sight/p0/1611/77/772d260d9e4903f2a3.water.jpg_350x240_941fe1c0.jpg','detail',11,NULL),(70,'http://img1.qunarzz.com/sight/p0/1611/33/33434ad9fd76f847a3.water.jpg_350x240_c6e7fce0.jpg','detail',11,NULL),(71,'http://img1.qunarzz.com/sight/p0/1611/c9/c9346c49227641a2a3.water.jpg_350x240_136962b9.jpg','detail',11,NULL),(72,'http://img1.qunarzz.com/sight/p0/1611/46/46a3388b53ab0421a3.water.jpg_350x240_186aacb9.jpg','detail',11,NULL),(73,'http://img1.qunarzz.com/sight/p0/1611/8e/8e6bee59b924cca1a3.water.jpg_350x240_3048afd3.jpg','detail',11,NULL),(74,'http://img1.qunarzz.com/sight/p0/1412/77/cb5a5c0c47e96f6b42ce646cddf4af0d.water.jpg_350x240_2c72fed6.jpg','detail',12,NULL),(75,'http://img1.qunarzz.com/sight/p0/1412/f7/73c43024f19e33c695b364ccea1db63b.water.jpg_350x240_3c2567db.jpg','detail',12,NULL),(76,'http://img1.qunarzz.com/sight/p0/1507/c9/eefaa23facb37ac4814e336070207804.water.jpg_350x240_3fffd166.jpg','detail',12,NULL),(77,'http://img1.qunarzz.com/sight/p0/1508/ef/d7c0b12f26c24e05f668146c5f46223c.water.jpg_350x240_06b9ec8a.jpg','detail',12,NULL),(78,'http://img1.qunarzz.com/sight/p0/1508/2c/e8136f95b4ce7866337c72730167b1a3.water.jpg_350x240_2360d4ee.jpg','detail',12,NULL),(79,'http://img1.qunarzz.com/sight/p0/1508/fe/434ee530e21f1c11bad088e8cc8d5e93.water.jpg_350x240_30453bc7.jpg','detail',12,NULL),(80,'http://img1.qunarzz.com/sight/p0/1510/8e/8eea8eb6f41698290.img.jpg_350x240_7a37cdfc.jpg','detail',13,NULL),(81,'http://img1.qunarzz.com/sight/p0/1807/6e/6e7d08b1502ab022a3.img.jpg_350x240_4cb206aa.jpg','detail',13,NULL),(82,'http://img1.qunarzz.com/sight/p0/1807/19/19fc811143618ed9a3.img.jpg_350x240_67db77cd.jpg','detail',13,NULL),(83,'http://img1.qunarzz.com/sight/p0/1807/c6/c63be17675a27fc1a3.img.jpg_350x240_20319e3e.jpg','detail',13,NULL),(84,'http://img1.qunarzz.com/sight/p0/1807/42/428a814cc6fc214da3.img.jpg_350x240_3a2fa315.jpg','detail',13,NULL),(85,'http://img1.qunarzz.com/sight/p0/1510/5b/5b8e823def41aaf390.img.jpg_350x240_c0146285.jpg','detail',13,NULL),(86,'http://img1.qunarzz.com/sight/p0/1510/3b/3b838849c32f827890.img.jpg_350x240_54ab9112.jpg','detail',13,NULL),(87,'http://img1.qunarzz.com/sight/p0/1510/ca/ca60a080020329ef90.img.jpg_350x240_9ff2208e.jpg','detail',13,NULL),(88,'http://img1.qunarzz.com/sight/p0/1510/cc/ccafbdaac21bdbf790.img.jpg_350x240_c35f8451.jpg','detail',13,NULL),(89,'http://img1.qunarzz.com/sight/p0/1510/68/685f64bffa94f0db90.img.jpg_350x240_c6b14d68.jpg','detail',13,NULL),(90,'http://img1.qunarzz.com/sight/p0/1510/f6/f6213531ac01143c90.img.jpg_350x240_1690aa22.jpg','detail',13,NULL),(91,'http://img1.qunarzz.com/sight/p0/1901/97/97f793f8c9f37ac7a3.img.png_350x240_b92cc742.png','detail',14,NULL),(92,'http://img1.qunarzz.com/sight/p0/1901/d4/d4c89ef863404301a3.img.png_350x240_9d72de4a.png','detail',14,NULL),(93,'http://img1.qunarzz.com/sight/p0/1901/91/91d8154bb239ac0ea3.img.png_350x240_3c34698c.png','detail',14,NULL),(94,'http://img1.qunarzz.com/sight/p0/1508/89/895a1b7add84f23faca053ce9e3153db.water.jpg_350x240_5291130a.jpg','detail',14,NULL),(95,'http://img1.qunarzz.com/sight/p0/1901/46/46416618f4ae8e95a3.img.png_350x240_d56775a9.png','detail',14,NULL),(96,'http://img1.qunarzz.com/sight/p0/1508/a5/4003f9dd7bebf61eccbf64046e26d487.water.jpg_350x240_e11745bd.jpg','detail',14,NULL),(97,'http://img1.qunarzz.com/sight/p0/1901/ef/efd26a627912c27ca3.img.png_350x240_d9b778bd.png','detail',14,NULL),(98,'http://img1.qunarzz.com/sight/p0/1507/b0/debf337993099d34013807df5cf5545b.water.jpg_350x240_84df370a.jpg','detail',14,NULL),(99,'http://img1.qunarzz.com/sight/p0/1901/6a/6acf92614c94ead4a3.img.png_350x240_9eb0a303.png','detail',14,NULL),(100,'http://img1.qunarzz.com/sight/p0/1507/b9/7ce37fa2e77ad7b9cb49d54352c8e357.water.jpg_350x240_4df3818f.jpg','detail',14,NULL),(101,'http://img1.qunarzz.com/wugc/p77/201204/20/10d9b0927bfb0fa693835fbb.jpg_350x240_6b09f89c.jpg','detail',15,NULL),(102,'http://img1.qunarzz.com/sight/p0/1411/41/702814dae366887805892f66e31f0ac6.water.jpg_350x240_1a85c964.jpg','detail',15,NULL),(103,'http://img1.qunarzz.com/sight/p0/201403/07/269ee5e68aacc542347b1d8e49973e4e.jpg_350x240_18a6fd71.jpg','detail',15,NULL),(104,'http://img1.qunarzz.com/sight/p0/1411/41/702814dae366887805892f66e31f0ac6.water.jpg_350x240_1a85c964.jpg','detail',15,NULL),(105,'http://img1.qunarzz.com/sight/p0/1411/b7/5d0e521e1d2c9cae68354775605b043b.water.jpg_350x240_d6136cb5.jpg','detail',15,NULL),(106,'http://img1.qunarzz.com/tuan/team2/1507/e6/722715fe08bdeb.jpg_350x240_56fff8ad.jpg','detail',15,NULL),(107,'http://img1.qunarzz.com/tuan/team2/1507/d4/3c27823dbc62f.jpg_350x240_71a60bee.jpg','detail',15,NULL),(108,'http://img1.qunarzz.com/tuan/team2/1507/ee/3e45f5288d6a83.jpg_350x240_effb3f98.jpg','detail',15,NULL),(109,'http://img1.qunarzz.com/tuan/team2/1507/f2/5fdf983816c80f.jpg_350x240_24963c2c.jpg','detail',15,NULL),(110,'http://img1.qunarzz.com/sight/p0/1411/43/dea8b51719a4a69b68777baa68c146e4.water.jpg_350x240_fed1ac21.jpg','detail',15,NULL),(111,'http://img1.qunarzz.com/sight/p0/201403/07/775e090c2cacd7a993873a5c43add1b5.jpg_350x240_f6a3e1c4.jpg','detail',15,NULL),(112,'http://img1.qunarzz.com/sight/p0/1602/67/67feeab24cfc82bb90.water.jpg_350x240_c71d4612.jpg','detail',16,NULL),(113,'http://img1.qunarzz.com/sight/p0/1501/22/5f7f763c8f341d200a4f467758010332.water.jpg_350x240_ce40dcf8.jpg','detail',16,NULL),(114,'http://img1.qunarzz.com/sight/p0/201307/09/9446fc4fe48f052bc8d65eac.jpg_350x240_5183c0c2.jpg','detail',16,NULL),(115,'http://img1.qunarzz.com/sight/p0/201403/07/fde3cf649be4061f785f9a673a464b12.jpg_350x240_e46f455c.jpg','detail',16,NULL),(116,'http://img1.qunarzz.com/sight/p0/201403/07/b6ad4a8652bbade0be5885fd37b73d97.jpg_350x240_56692997.jpg','detail',16,NULL),(117,'http://img1.qunarzz.com/sight/p0/201403/07/2800cf465b3de1667d7161ac07fa7ab5.jpg_350x240_9b1915bb.jpg','detail',16,NULL),(118,'http://img1.qunarzz.com/sight/p0/1501/58/84f947b276d3794066dda3415d3be9ee.water.jpg_350x240_b70b5cc0.jpg','detail',16,NULL),(119,'http://img1.qunarzz.com/sight/p0/1501/d2/d2e122209f9b6f5f.water.jpg_350x240_20ca1099.jpg','detail',16,NULL),(120,'http://img1.qunarzz.com/sight/p0/1501/36/36d2c699bf0d697c.water.jpg_350x240_2d27669c.jpg','detail',16,NULL),(121,'http://img1.qunarzz.com/sight/p0/1507/64/8566d8adc2ae438e021357ce3a7d3e26.water.jpg_350x240_ee370aab.jpg','detail',16,NULL),(122,'http://img1.qunarzz.com/sight/p0/1507/e4/e9acd0ecd81fa09e28d9506f93064a4e.water.jpg_350x240_b461c465.jpg','detail',16,NULL),(123,'http://img1.qunarzz.com/sight/p0/1708/2b/2b3b94de99c0a425a3.img.jpg_350x240_cb0e55ff.jpg','detail',17,NULL),(124,'http://img1.qunarzz.com/sight/p0/1803/f9/f96ac7520e964ad4a3.img.jpg_350x240_51e3c791.jpg','detail',17,NULL),(125,'http://img1.qunarzz.com/sight/p0/1803/ef/ef5218ec61ba9b5ca3.img.jpg_350x240_032d324a.jpg','detail',17,NULL),(126,'http://img1.qunarzz.com/sight/p0/1803/3e/3efbb3098439469a3.img.jpg_350x240_0072bb76.jpg','detail',17,NULL),(127,'http://img1.qunarzz.com/sight/p0/1803/37/378a83cb261e591fa3.img.jpg_350x240_d333f31a.jpg','detail',17,NULL),(128,'http://img1.qunarzz.com/sight/p0/1803/37/378a83cb261e591fa3.img.jpg_350x240_d333f31a.jpg','detail',17,NULL),(129,'http://img1.qunarzz.com/sight/p0/1604/85/85f4b4a6dc8cbad890.img.jpg_350x240_acb7bf8c.jpg','detail',17,NULL),(130,'http://img1.qunarzz.com/sight/p0/1501/24/2454d0fbd4a0aa14.water.jpg_350x240_e7f10864.jpg','detail',17,NULL),(131,'http://img1.qunarzz.com/sight/p0/1604/d0/d0e9becdac71468590.img.jpg_350x240_77ac9ba9.jpg','detail',17,NULL),(132,'http://img1.qunarzz.com/sight/p0/1411/8a/f8d9440862cefb36b619af81731d8d72.water.jpg_350x240_0f46bd18.jpg','detail',17,NULL),(133,'http://img1.qunarzz.com/sight/p0/1602/68/68aa05adb5315f9990.water.jpg_350x240_b39e9a45.jpg','detail',18,NULL),(134,'http://img1.qunarzz.com/sight/p0/1611/8c/8c31ff91d910f6ada3.img.jpg_350x240_ffbc8d21.jpg','detail',18,NULL),(135,'http://img1.qunarzz.com/sight/p0/1611/98/982abef16c8470daa3.img.jpg_350x240_41a4a565.jpg','detail',18,NULL),(136,'http://img1.qunarzz.com/sight/p0/1611/f8/f833b0034ccd7b8ca3.img.jpg_350x240_cf8b31e7.jpg','detail',18,NULL),(137,'http://img1.qunarzz.com/sight/p0/1611/49/4944e7914437254fa3.img.jpg_350x240_425eb7ee.jpg','detail',18,NULL),(138,'http://img1.qunarzz.com/sight/p0/1611/c4/c492a4f4cc55f6fca3.img.jpg_350x240_2233629c.jpg','detail',18,NULL),(139,'http://img1.qunarzz.com/sight/p0/1611/f7/f740c4bc1775681ea3.img.jpg_350x240_3479de68.jpg','detail',18,NULL),(140,'http://img1.qunarzz.com/sight/p0/1611/bf/bf94832b027c012ba3.img.jpg_350x240_5635ff64.jpg','detail',18,NULL),(141,'http://img1.qunarzz.com/sight/p0/1509/b9/b93c7576c82fa691.img.png_350x240_5affbdb4.png','detail',18,NULL),(142,'http://img1.qunarzz.com/sight/p0/1509/cd/cd09901ee011d786.img.png_350x240_0afbed22.png','detail',18,NULL),(143,'http://img1.qunarzz.com/sight/p0/1509/61/61a9534c219c6680.img.png_350x240_c1f92a24.png','detail',18,NULL),(144,'http://img1.qunarzz.com/sight/p0/1509/85/85529d76f381382e.img.jpg_350x240_393b3732.jpg','detail',18,NULL),(145,'http://img1.qunarzz.com/sight/p0/1705/88/88e65ed5da3ff5d7a3.img.jpg_250x250_cd1a0772.jpg','cover',9,NULL),(146,'http://img1.qunarzz.com/sight/p0/1701/48/48201ed52a31518ba3.img.jpg_250x250_2a09a5e9.jpg','cover',6,NULL),(147,'http://img1.qunarzz.com/sight/p0/1702/3f/3ffc2297280d414aa3.img.jpg_250x250_380f7aad.jpg','cover',7,NULL),(148,'http://img1.qunarzz.com/sight/p0/1501/8b/8b1e9d648f923e68.water.jpg_250x250_1f452ec0.jpg','cover',8,NULL),(149,'http://img1.qunarzz.com/sight/p0/1504/cb/cbd992d4861cbcaf.water.jpg_250x250_ff878db5.jpg','cover',4,NULL),(150,'http://img1.qunarzz.com/sight/p0/1501/88/88eaebdf8c0ac671.water.jpg_250x250_ac1daa78.jpg','cover',5,NULL),(151,'http://img1.qunarzz.com/sight/p0/1411/97/1f50d2cb9964b3d0ca21b51587060961.water.jpg_250x250_4640e63d.jpg','cover',10,NULL),(152,'http://img1.qunarzz.com/sight/p0/1611/77/772d260d9e4903f2a3.water.jpg_250x250_1e21649f.jpg','cover',11,NULL),(153,'http://img1.qunarzz.com/piao/fusion/1812/d6/daa880b254940402.jpg_750x200_b114308a.jpg','swiper',NULL,NULL),(154,'http://img1.qunarzz.com/piao/fusion/1811/31/da037478f37cf202.jpg_750x200_fe28d396.jpg','swiper',NULL,NULL),(155,'http://img1.qunarzz.com/piao/fusion/1811/a8/cb43c4ac6c215d02.jpg_750x200_83dee994.jpg','swiper',NULL,NULL),(156,'http://img1.qunarzz.com/piao/fusion/1811/a8/cb43c4ac6c215d02.jpg_750x200_83dee994.jpg','swiper',NULL,NULL),(157,'http://img1.qunarzz.com/piao/fusion/1811/a8/cb43c4ac6c215d02.jpg_750x200_83dee994.jpg','swiper',NULL,NULL),(158,'http://img1.qunarzz.com/piao/fusion/1803/95/f3dd6c383aeb3b02.png','detail',NULL,NULL),(159,'http://img1.qunarzz.com/piao/fusion/1804/5a/13ceb38dcf262f02.png','detail',NULL,NULL),(160,'http://img1.qunarzz.com/piao/fusion/1804/ff/fdf170ee89594b02.png','detail',NULL,NULL),(161,'http://img1.qunarzz.com/piao/fusion/1803/76/eb88861d78fb9902.png','detail',NULL,NULL),(162,'http://img1.qunarzz.com/piao/fusion/1803/b6/37560ece9c62b502.png','detail',NULL,NULL),(163,'http://img1.qunarzz.com/piao/fusion/1803/b6/37560ece9c62b502.png','detail',NULL,NULL),(164,'http://img1.qunarzz.com/piao/fusion/1803/47/c2b659e048b11602.png','detail',NULL,NULL),(165,'http://img1.qunarzz.com/piao/fusion/1803/47/c2b659e048b11602.png','detail',NULL,NULL),(166,'http://img1.qunarzz.com/piao/fusion/1803/47/c2b659e048b11602.png','detail',NULL,NULL),(167,'http://img1.qunarzz.com/sight/p0/1504/cb/cbd992d4861cbcaf.water.jpg_250x250_ff878db5.jpg','weekendHot',4,NULL),(168,'http://img1.qunarzz.com/sight/p0/1501/88/88eaebdf8c0ac671.water.jpg_250x250_ac1daa78.jpg','weekendHot',5,NULL),(169,'http://img1.qunarzz.com/sight/p0/1701/48/48201ed52a31518ba3.img.jpg_250x250_2a09a5e9.jpg','weekendHot',6,NULL),(170,'http://img1.qunarzz.com/sight/p0/1702/3f/3ffc2297280d414aa3.img.jpg_250x250_380f7aad.jpg','weekendHot',7,NULL),(171,'http://img1.qunarzz.com/sight/p0/1501/8b/8b1e9d648f923e68.water.jpg_250x250_1f452ec0.jpg','weekendHot',8,NULL),(172,'http://img1.qunarzz.com/sight/p0/1705/88/88e65ed5da3ff5d7a3.img.jpg_250x250_cd1a0772.jpg','weekendHot',9,NULL),(173,'http://img1.qunarzz.com/sight/p0/1411/97/1f50d2cb9964b3d0ca21b51587060961.water.jpg_250x250_4640e63d.jpg','weekendHot',10,NULL),(174,'http://img1.qunarzz.com/sight/p0/1611/77/772d260d9e4903f2a3.water.jpg_250x250_1e21649f.jpg','weekendHot',11,NULL),(175,'http://img1.qunarzz.com/sight/p0/1409/19/adca619faaab0898245dc4ec482b5722.jpg_200x200_1bc99086.jpg','recomment',3,NULL),(176,'http://img1.qunarzz.com/sight/p0/1508/fe/434ee530e21f1c11bad088e8cc8d5e93.water.jpg_200x200_912ce9f4.jpg','recomment',12,NULL),(177,'http://img1.qunarzz.com/sight/p0/1510/8e/8eea8eb6f41698290.img.jpg_200x200_595cfa1d.jpg','recomment',13,NULL),(178,'http://img1.qunarzz.com/sight/p0/1508/89/895a1b7add84f23faca053ce9e3153db.water.jpg_200x200_99ae30ee.jpg','recomment',14,NULL),(179,'http://img1.qunarzz.com/sight/p0/1411/43/dea8b51719a4a69b68777baa68c146e4.water.jpg_200x200_8da8cebe.jpg','recomment',15,NULL),(180,'http://img1.qunarzz.com/sight/p0/201303/04/50b65ba27d711f92c8d65eac.jpg_200x200_633f68b7.jpg','recomment',16,NULL),(181,'http://img1.qunarzz.com/sight/p0/1602/67/67feeab24cfc82bb90.water.jpg_200x200_af2a01b1.jpg','recomment',17,NULL),(182,'http://img1.qunarzz.com/sight/p0/1708/2b/2b3b94de99c0a425a3.img.jpg_200x200_2458ffb2.jpg','recomment',18,NULL);
/*!40000 ALTER TABLE `attractions_image` ENABLE KEYS */;
UNLOCK TABLES;

--
-- Table structure for table `city`
--

DROP TABLE IF EXISTS `city`;
/*!40101 SET @saved_cs_client     = @@character_set_client */;
/*!40101 SET character_set_client = utf8 */;
CREATE TABLE `city` (
  `id` int(11) NOT NULL AUTO_INCREMENT,
  `spell` varchar(100) DEFAULT NULL,
  `name` varchar(64) DEFAULT NULL,
  `keyword` char(2) DEFAULT NULL,
  `hot` tinyint(1) DEFAULT '0',
  PRIMARY KEY (`id`)
) ENGINE=InnoDB AUTO_INCREMENT=197 DEFAULT CHARSET=utf8;
/*!40101 SET character_set_client = @saved_cs_client */;

--
-- Dumping data for table `city`
--

LOCK TABLES `city` WRITE;
/*!40000 ALTER TABLE `city` DISABLE KEYS */;
INSERT INTO `city` VALUES (2,'abacangzuqiangzuzizhizhou ','阿坝藏族羌族自治州','A',0),(3,'akeshudiqu','阿克苏地区','A',0),(4,'alaer','阿拉尔','A',0),(5,'alashanmeng','阿拉善盟','A',0),(6,'alietai','阿勒泰','A',0),(7,'ali','阿里','A',0),(8,'ankang','安康','A',0),(9,'anqing','安庆','A',0),(10,'anshun','安顺','A',0),(11,'anyang','安阳','A',0),(12,'anshan','鞍山','A',0),(13,'anmen','澳门','A',0),(14,'bayannaoer','巴彦淖尔','B',0),(15,'bayinguoleng','巴音郭楞','B',0),(16,'bazhong','巴中','B',0),(17,'baicheng','白城','B',0),(18,'baisha','白沙','B',0),(19,'baishan','白山','B',0),(20,'baiyin','白银','B',0),(21,'baise','百色','B',0),(22,'bang bu','蚌埠','B',0),(23,'baotou','包头','B',0),(24,'baoji','宝鸡','B',0),(25,'baoding','保定','B',0),(26,'baoshan','保山','B',0),(27,'baoting','保亭','B',0),(28,'beihai','北海','B',0),(29,'beijing','北京','B',1),(30,'benxi','本溪','B',0),(31,'bijie','毕节','B',0),(32,'binzhou','滨州','B',0),(33,'haozhou','亳州','B',0),(34,'boertaila','博尔塔拉','B',0),(35,'cangzhou','沧州','C',0),(36,'changdu','昌都','C',0),(37,'changji','昌吉','C',0),(38,'changde','常德','C',0),(39,'changzhou','常州','C',0),(40,'chaohu','巢湖','C',0),(41,'chaoyang','朝阳','C',0),(42,'chaozhou','潮州','C',0),(43,'chenzhou','郴州','C',0),(44,'chengdu','成都','C',1),(45,'chengde','承德','C',0),(46,'chengmai','澄迈','C',0),(47,'chizhou','池州','C',0),(48,'chifeng','赤峰','C',0),(49,'chongzuo','崇左','C',0),(50,'chuzhou','滁州','C',0),(51,'chuxiong','楚雄','C',0),(52,'changchun','长春','C',0),(53,'changgeshi','长葛市','C',0),(54,'changsha','长沙','C',0),(55,'changzhi','长治','C',0),(56,'chongqing','重庆','C',0),(57,'dazhou','达州','D',0),(58,'dali','大理','D',0),(59,'dalian','大连','D',0),(60,'daqing','大庆','D',0),(61,'datong','大同','D',0),(62,'daxinganling','大兴安岭','D',0),(63,'dandong','丹东','D',0),(64,'danshui','淡水','D',0),(65,'dehong','德宏','D',0),(66,'deyang','德阳','D',0),(67,'diqing','迪庆','D',0),(68,'eerduosi','鄂尔多斯','E',0),(69,'erzhou','鄂州','E',0),(70,'enshi','恩施','E',0),(71,'fangchenggang','防城港','F',0),(72,'foshan','佛山','F',0),(73,'fuzhou','福州','F',0),(74,'fushun','抚顺','F',0),(75,'fuzhou','抚州','F',0),(76,'fuxin','阜新','F',0),(77,'fuyang','阜阳','F',0),(78,'gannan','甘南','G',0),(79,'ganmuzhou','甘孜州','G',0),(80,'gaoxiong','高雄','G',0),(81,'guangan','广安','G',0),(82,'guangyuan','广元','G',0),(83,'guangzhou','广州','G',1),(84,'guiyang','贵阳','G',0),(85,'guilin','桂林','G',1),(86,'haerbin','哈尔滨','H',0),(87,'hami','哈密','H',0),(88,'haibeidiqu','海北地区','H',0),(89,'haikou','海口','H',0),(90,'hanzhong','汉中','H',0),(91,'hangzhou','杭州','H',1),(92,'hefei','合肥','H',0),(93,'hetian','和田','H',0),(94,'jinan','济南','J',0),(95,'jining','济宁','J',0),(96,'jiaxing','嘉兴','J',0),(97,'jiayuguan','嘉峪关','J',0),(98,'jinchang','金昌','J',0),(99,'jinhua','金华','J',0),(100,'jingmen','荆门','J',0),(101,'jingdezhen','景德镇','J',0),(102,'kaifeng','开封','K',0),(103,'kunming','昆明','K',0),(104,'kelamayi','克拉玛依','K',0),(105,'kezilesu','克孜勒苏','K',0),(106,'lanzhou','兰州','L',0),(107,'lishui','丽水','L',0),(108,'lijiang','丽江','L',0),(109,'liaoyang','辽阳','L',0),(110,'lingao','临高','L',0),(111,'liuan','六安','L',0),(112,'luoyang','洛阳','L',0),(113,'liaocheng','聊城','L',0),(114,'maanshan','马鞍山','M',0),(115,'meishan','眉山','M',0),(116,'meizhou','梅州','M',0),(117,'mianyang','绵阳','M',0),(118,'mudanjiang','牡丹江','M',0),(119,'naqu','那曲','N',0),(120,'nanchang','南昌','N',0),(121,'nanchong','南充','N',0),(122,'nanjing','南京','N',0),(123,'nanning','南宁','N',0),(124,'nanping','南平','N',0),(125,'nantong','南通','N',0),(126,'','nanyang','N',0),(127,'panjin','盘锦','P',0),(128,'pingdinshan','平顶山','P',0),(129,'pinhu','平湖','P',0),(130,'pinxiang','萍乡','P',0),(131,'putian','莆田','P',0),(132,'puning','普宁','P',0),(133,'qitaihe','七台河','Q',0),(134,'qiqihaer','齐齐哈尔','Q',0),(135,'qianjing','潜江','Q',0),(136,'qinhuangdao','秦皇岛','Q',0),(137,'qindao','青岛','Q',0),(138,'qinyang','庆阳','Q',0),(139,'quanzhou','泉州','Q',0),(140,'rizhao','日照','R',0),(141,'ruijinshi','瑞金市','R',0),(142,'sanmenxia','三门峡','S',0),(143,'sanming','三明','S',0),(144,'sanya','三亚','S',1),(145,'shanghai','上海','S',1),(146,'shaoxing','绍兴','S',0),(147,'shenzhen','深圳','S',1),(148,'shenyang','沈阳','S',0),(149,'tachengdiqu','塔城地区','T',0),(150,'taishanshi','台山市','T',0),(151,'taizhou','台州','T',0),(152,'taiyuan','太原','T',0),(153,'tangshan','唐山','T',0),(154,'tianmen','天门','T',0),(155,'tianshui','天水','T',0),(156,'tongchuan','铜川','T',0),(157,'tongling','铜陵','T',0),(158,'wanning','万宁','W',0),(159,'weihai','威海','W',0),(160,'wenzhou','温州','W',0),(161,'wuhai','乌海','W',0),(162,'wuxi','无锡','W',0),(163,'wuhu','芜湖','W',0),(164,'wuhan','武汉','W',0),(165,'wuwei','武威','W',0),(166,'xiamen','厦门','X',1),(167,'xian','西安','X',1),(168,'xining','西宁','X',0),(169,'xiantao','仙桃','X',0),(170,'weining','咸宁','X',0),(171,'xianggang','香港','X',1),(172,'xiangxi','湘西','X',0),(173,'xiangyang','襄阳','X',0),(174,'xinbei','新北','X',0),(175,'xinyang','信阳','X',0),(176,'xintai','邢台','X',0),(177,'xinganmeng','兴安盟','X',0),(178,'yaan','雅安','Y',0),(179,'yantai','烟台','Y',0),(180,'yanan','延安','Y',0),(181,'yanbian','延边','Y',0),(182,'yancheng','盐城','Y',0),(183,'yangzhuou','扬州','Y',0),(184,'yangjiang','阳江','Y',0),(185,'yangquan','阳泉','Y',0),(186,'yinchuan','银川','Y',0),(187,'yichun','宜春','Y',0),(188,'yiyang','益阳','Y',0),(189,'zhanjiang','湛江','Z',0),(190,'zhenjiang','镇江','Z',0),(191,'zhengzhou','郑州','Z',0),(192,'zhongshan','中山','Z',0),(193,'zhongwei','中卫','Z',0),(194,'zhuhai','珠海','Z',0),(195,'zhumadian','驻马店','Z',0),(196,'zunyi','遵义','Z',0);
/*!40000 ALTER TABLE `city` ENABLE KEYS */;
UNLOCK TABLES;

--
-- Table structure for table `comment`
--

DROP TABLE IF EXISTS `comment`;
/*!40101 SET @saved_cs_client     = @@character_set_client */;
/*!40101 SET character_set_client = utf8 */;
CREATE TABLE `comment` (
  `id` int(11) NOT NULL AUTO_INCREMENT,
  `text` varchar(500) DEFAULT '',
  `attractions_id` int(11) DEFAULT NULL,
  PRIMARY KEY (`id`)
) ENGINE=InnoDB AUTO_INCREMENT=2 DEFAULT CHARSET=utf8;
/*!40101 SET character_set_client = @saved_cs_client */;

--
-- Dumping data for table `comment`
--

LOCK TABLES `comment` WRITE;
/*!40000 ALTER TABLE `comment` DISABLE KEYS */;
INSERT INTO `comment` VALUES (1,'参观故宫是来京必须要安排的行程，紫禁城的宏伟和惊艳超乎你想象，假装自己穿越时空，你走在乾隆皇帝走过的石板砖上，体验当年盛世的文化底蕴和奢华的生活～ 攻略1 提前网上购买门票，凭身份证直接进 攻略2 租讲解器，每个讲解器都是感应的，每个只讲解一遍，只有一个耳机，别想着两人共用的好事儿，哈哈哈 攻略3 周一闭馆，周末人居多，尽量安排工作日，若所有宫殿都想参观，就提早进去，不过我个人觉得没必要，参观代表性的中轴和个别妃子和慈禧的宫殿即可，建议预留至少大半天时间在里头 再来北京，还愿意去故宫~~',1);
/*!40000 ALTER TABLE `comment` ENABLE KEYS */;
UNLOCK TABLES;

--
-- Table structure for table `comment_image`
--

DROP TABLE IF EXISTS `comment_image`;
/*!40101 SET @saved_cs_client     = @@character_set_client */;
/*!40101 SET character_set_client = utf8 */;
CREATE TABLE `comment_image` (
  `id` int(11) NOT NULL AUTO_INCREMENT,
  `url` varchar(200) DEFAULT NULL,
  `comment_id` int(11) DEFAULT NULL,
  PRIMARY KEY (`id`)
) ENGINE=InnoDB AUTO_INCREMENT=131 DEFAULT CHARSET=utf8;
/*!40101 SET character_set_client = @saved_cs_client */;

--
-- Dumping data for table `comment_image`
--

LOCK TABLES `comment_image` WRITE;
/*!40000 ALTER TABLE `comment_image` DISABLE KEYS */;
INSERT INTO `comment_image` VALUES (3,'http://www.baidu.com',0),(4,'http://mp-piao-admincp.qunarzz.com/mp_piao_admin_mp_piao_admin/fusion/20191/2afa7756194be070c0847a4dd90fe9f8.jpg_228x168_8476b13b.jpg',9),(5,'http://mp-piao-admincp.qunarzz.com/mp_piao_admin_mp_piao_admin/fusion/20191/1f8d83709214c43473f95b79f78dcb8b.jpg_228x168_782ff2d6.jpg',9),(6,'http://mp-piao-admincp.qunarzz.com/mp_piao_admin_mp_piao_admin/fusion/20191/a50e22e04a1aec733ac4925a4825082f.jpg_228x168_23ca8c1a.jpg',9),(7,'http://mp-piao-admincp.qunarzz.com/mp_piao_admin_mp_piao_admin/fusion/20191/4e8a9de14cd729d51501d23f4bc7c19c.jpg_228x168_173751c0.jpg',9),(8,'http://img1.qunarzz.com/piao/fusion/1804/5a/94abf899aa433002.jpg_228x168_59bb6aff.jpg',22),(9,'http://img1.qunarzz.com/piao/fusion/1804/77/8568f6fc4b1fcb02.jpg_228x168_47b09c3f.jpg',22),(10,'http://img1.qunarzz.com/piao/fusion/1804/ff/94973e3e89666202.jpg_228x168_d758210f.jpg',22),(11,'http://img1.qunarzz.com/piao/fusion/1804/70/f127c5f38ea62402.jpg_228x168_a9c22691.jpg',22),(12,'http://img1.qunarzz.com/piao/fusion/1804/89/9ed8648cab47a202.jpg_228x168_ab5add43.jpg',22),(13,'http://img1.qunarzz.com/piao/fusion/1710/fe/7bc534fb09571302.jpg_228x168_010aa08a.jpg',22),(14,'http://img1.qunarzz.com/piao/fusion/1710/bb/f4f2ef374c13a702.jpg_228x168_35aef927.jpg',22),(15,'http://img1.qunarzz.com/piao/fusion/1710/2c/7acd2e51b006d202.jpg_228x168_7036fc0e.jpg',22),(16,'http://img1.qunarzz.com/piao/fusion/1710/65/a4440c516c957002.jpg_228x168_ebfe7bca.jpg',22),(17,'http://img1.qunarzz.com/piao/fusion/1710/3a/dbc94f52ef366102.jpg_228x168_00485527.jpg',22),(18,'http://img1.qunarzz.com/piao/fusion/1710/25/d06894cd4a9202.jpg_228x168_d6030f92.jpg',22),(19,'http://img1.qunarzz.com/piao/fusion/1806/32/0278f426aa444d02.jpg_228x168_3cc51c14.jpg',34),(20,'http://img1.qunarzz.com/piao/fusion/1806/ad/f927da9d11c35b02.jpg_228x168_053251ee.jpg',34),(21,'http://img1.qunarzz.com/piao/fusion/1806/99/7f19c58e9ec7c602.jpg_228x168_42afb03b.jpg',34),(22,'http://img1.qunarzz.com/piao/fusion/1806/fa/7863aad45ef01e02.jpg_228x168_590162ce.jpg',34),(23,'http://img1.qunarzz.com/piao/fusion/1806/88/f2cd5036cdd87902.jpg_228x168_b045cfc5.jpg',34),(24,'http://mp-commentcp.qunarzz.com/mp_comment_mp_comment/1551570015966100u11000000rh4sfA3B8_D_640_10000.jpg_228x168_6eba715c.jpg',34),(25,'http://mp-commentcp.qunarzz.com/mp_comment_mp_comment/1551570016139100u11000000rh4sj6434_D_640_10000.jpg_228x168_38908026.jpg',34),(26,'http://mp-commentcp.qunarzz.com/mp_comment_mp_comment/1551570016409100h11000000riqdt7DE4_D_640_10000.jpg_228x168_791bd841.jpg',34),(27,'http://mp-commentcp.qunarzz.com/mp_comment_mp_comment/1551570016919100111000000ru32o4AE4_D_640_10000.jpg_228x168_0e6984c6.jpg',34),(28,'http://mp-commentcp.qunarzz.com/mp_comment_mp_comment/1551570017286100411000000rg55s42AE_D_640_10000.jpg_228x168_d4e961b3.jpg',34),(29,'http://mp-commentcp.qunarzz.com/mp_comment_mp_comment/1551570017737100o11000000rg03g107E_D_640_10000.jpg_228x168_bc2867a7.jpg',34),(30,'http://img1.qunarzz.com/piao/fusion/1803/d0/573ac7aad1e6b002.jpg_228x168_ede949d0.jpg',35),(31,'http://img1.qunarzz.com/piao/fusion/1803/77/a99399cf63950502.jpg_228x168_91aadf17.jpg',35),(32,'http://img1.qunarzz.com/piao/fusion/1803/d4/665b7ba48ded8802.jpg_228x168_b8aee145.jpg',35),(33,'http://img1.qunarzz.com/piao/fusion/1803/23/459390588bb52602.jpg_228x168_642d3dc0.jpg',35),(34,'http://img1.qunarzz.com/piao/fusion/1803/f7/c679e99469202d02.jpg_228x168_6877544e.jpg',35),(35,'http://img1.qunarzz.com/piao/fusion/1804/6c/cbae01722a47802.jpg_228x168_3e765402.jpg',35),(36,'http://img1.qunarzz.com/piao/fusion/1804/28/990cfcb540276002.jpg_228x168_791858d4.jpg',35),(37,'http://img1.qunarzz.com/piao/fusion/1804/97/655c0dbd2133e02.jpg_228x168_7611a290.jpg',35),(38,'http://img1.qunarzz.com/piao/fusion/1804/3e/4f3754d1f41c4c02.jpg_228x168_e03416e8.jpg',35),(39,'http://img1.qunarzz.com/piao/fusion/1804/9d/68f71213f11be602.jpg_228x168_a5192c50.jpg',35),(40,'http://img1.qunarzz.com/piao/fusion/1810/ae/dd8f0b33e0cd9602.jpg_228x168_4ef02b51.jpg',39),(41,'http://img1.qunarzz.com/piao/fusion/1810/79/fa199062e29a4d02.jpg_228x168_e84f11b2.jpg',39),(42,'http://img1.qunarzz.com/piao/fusion/1810/fc/377bb441381e9f02.jpg_228x168_2307ead4.jpg',39),(43,'http://img1.qunarzz.com/piao/fusion/1810/94/f5920aba7ceaa502.jpg_228x168_085f9bb0.jpg',39),(44,'http://img1.qunarzz.com/piao/fusion/1810/c0/f2fbd5545e91c302.jpg_228x168_c1954c99.jpg',39),(45,'http://img1.qunarzz.com/piao/fusion/1810/2a/79d388e49dcfb002.jpg_228x168_1863c134.jpg',39),(46,'http://img1.qunarzz.com/piao/fusion/1808/f1/db99547cbefe2302.jpg_228x168_2525d070.jpg',39),(47,'http://img1.qunarzz.com/piao/fusion/1808/fa/5ae3b8d75902d602.jpg_228x168_8c3492d0.jpg',39),(48,'http://img1.qunarzz.com/piao/fusion/1808/53/0157e6eb49ea002.jpg_228x168_61fb150d.jpg',39),(49,'http://img1.qunarzz.com/piao/fusion/1808/ca/6be4bf4f58d19e02.jpg_228x168_102fa05e.jpg',39),(50,'http://img1.qunarzz.com/piao/fusion/1801/62/67418b7ab4d74902.jpg_228x168_6d4b6e06.jpg',46),(51,'http://img1.qunarzz.com/piao/fusion/1801/36/67e0afeccd06ee02.jpg_228x168_d9e69fda.jpg',46),(52,'http://img1.qunarzz.com/piao/fusion/1801/f0/2a1ed5ba25b4f902.jpg_228x168_a6098e6a.jpg',46),(53,'http://img1.qunarzz.com/piao/fusion/1801/56/73fab6f86c10d502.jpg_228x168_ac277c16.jpg',46),(54,'http://img1.qunarzz.com/piao/fusion/1801/94/817a21be93545a02.jpg_228x168_c833b341.jpg',46),(55,'http://img1.qunarzz.com/piao/fusion/1801/55/cbb3065cfa65ae02.jpg_228x168_38a95141.jpg',46),(56,'http://img1.qunarzz.com/piao/fusion/1801/f5/208f423adc95aa02.jpg_228x168_b2dc921b.jpg',46),(57,'http://img1.qunarzz.com/piao/fusion/1801/f0/2a1ed5ba25b4f902.jpg_228x168_a6098e6a.jpg',46),(58,'http://img1.qunarzz.com/piao/fusion/1801/df/c5589cca15866a02.jpg_228x168_4cf9ad92.jpg',46),(59,'http://img1.qunarzz.com/piao/fusion/1801/da/3a1e26e46fbeb02.jpg_228x168_16da3c19.jpg',46),(60,'http://img1.qunarzz.com/piao/fusion/1803/b4/da827654f72a7f02.jpg_228x168_e8051195.jpg',51),(61,'http://img1.qunarzz.com/piao/fusion/1803/a0/0edacac68290c102.jpg_228x168_45712969.jpg',51),(62,'http://img1.qunarzz.com/piao/fusion/1803/ce/fe00987072fb3902.jpg_228x168_3f2bdaa1.jpg',51),(63,'http://img1.qunarzz.com/piao/fusion/1803/c8/8bc15cc9ec952402.jpg_228x168_4f45f74c.jpg',51),(64,'http://img1.qunarzz.com/piao/fusion/1710/f1/e27da7ccac7ac102.jpg_228x168_fd2d581a.jpg',51),(65,'http://img1.qunarzz.com/piao/fusion/1710/7d/cef04d045c38ac02.jpg_228x168_fa8a3267.jpg',51),(66,'http://img1.qunarzz.com/piao/fusion/1710/12/3660d05c1030ae02.jpg_228x168_2e016900.jpg',51),(67,'http://img1.qunarzz.com/piao/fusion/1710/4b/8f344a130e98f102.jpg_228x168_3f3ba4da.jpg',51),(68,'http://img1.qunarzz.com/piao/fusion/1710/5f/6ecfd8653f368202.jpg_228x168_5906c010.jpg',51),(69,'http://img1.qunarzz.com/p/tts3/1806/46/27a9367936771202.jpg_228x168_e278382a.jpg',68),(70,'http://img1.qunarzz.com/p/tts2/1806/cb/ec37a5864e284f02.jpg_228x168_2778fd28.jpg',68),(71,'http://img1.qunarzz.com/p/tts5/1806/dd/efcec601728ab402.jpg_228x168_ca196198.jpg',68),(72,'http://img1.qunarzz.com/p/tts2/1806/da/0dd37af7152c8702.jpg_228x168_b9f60b4a.jpg',68),(73,'http://img1.qunarzz.com/p/tts7/1806/79/20d0ae1b7ce24902.jpg_228x168_6b361139.jpg',68),(74,'http://mp-commentcp.qunarzz.com/mp_comment_mp_comment/1547584954952100k10000000ouhhhFC93_D_640_10000.jpg_228x168_224bc6e8.jpg',68),(75,'http://mp-commentcp.qunarzz.com/mp_comment_mp_comment/1547584955204100j10000000opthyF21B_D_640_10000.jpg_228x168_e31c2f07.jpg',68),(76,'http://mp-commentcp.qunarzz.com/mp_comment_mp_comment/1547584955308100a10000000ormj3D22B_D_640_10000.jpg_228x168_adb11f84.jpg',68),(77,'http://img1.qunarzz.com/piao/fusion/1901/ed/9a52cf9be5919602.jpg_228x168_8150f458.jpg',73),(78,'http://img1.qunarzz.com/piao/fusion/1801/dc/db40f3004f766202.jpg_228x168_67520b4b.jpg',79),(79,'http://img1.qunarzz.com/piao/fusion/1801/cb/4853de30f8670a02.jpg_228x168_989982f4.jpg',79),(80,'http://img1.qunarzz.com/piao/fusion/1801/73/6ee60d88a4f75602.jpg_228x168_2362ab09.jpg',79),(81,'http://img1.qunarzz.com/piao/fusion/1801/cb/c81b487ffe634902.jpg_228x168_ab576bd5.jpg',79),(82,'http://img1.qunarzz.com/piao/fusion/1801/23/c1905ae926728a02.jpg_228x168_2367e204.jpg',79),(83,'http://img1.qunarzz.com/piao/fusion/1801/dc/db40f3004f766202.jpg_228x168_67520b4b.jpg',79),(84,'http://img1.qunarzz.com/piao/fusion/1801/cb/4853de30f8670a02.jpg_228x168_989982f4.jpg',79),(85,'http://img1.qunarzz.com/piao/fusion/1801/73/6ee60d88a4f75602.jpg_228x168_2362ab09.jpg',79),(86,'http://img1.qunarzz.com/piao/fusion/1801/cb/c81b487ffe634902.jpg_228x168_ab576bd5.jpg',79),(87,'http://img1.qunarzz.com/piao/fusion/1801/23/c1905ae926728a02.jpg_228x168_2367e204.jpg',79),(88,'http://mp-commentcp.qunarzz.com/mp_comment_mp_comment/1548806984542100910000000pwqjw51AC_D_640_10000.jpg_228x168_8009a236.jpg',90),(89,'http://mp-commentcp.qunarzz.com/mp_comment_mp_comment/1548806984690100n10000000pte7hC9FB_D_640_10000.jpg_228x168_7efb98e4.jpg',90),(90,'http://mp-commentcp.qunarzz.com/mp_comment_mp_comment/1548806985008100u10000000pub1k624B_D_640_10000.jpg_228x168_0eefa8b9.jpg',90),(91,'http://mp-commentcp.qunarzz.com/mp_comment_mp_comment/1548806985445100g10000000pv0yf7DFC_D_640_10000.jpg_228x168_cdb68221.jpg',90),(92,'http://mp-commentcp.qunarzz.com/mp_comment_mp_comment/1548806984542100910000000pwqjw51AC_D_640_10000.jpg_228x168_8009a236.jpg',90),(93,'http://mp-commentcp.qunarzz.com/mp_comment_mp_comment/1548806984690100n10000000pte7hC9FB_D_640_10000.jpg_228x168_7efb98e4.jpg',90),(94,'http://mp-commentcp.qunarzz.com/mp_comment_mp_comment/1548806985008100u10000000pub1k624B_D_640_10000.jpg_228x168_0eefa8b9.jpg',90),(95,'http://mp-commentcp.qunarzz.com/mp_comment_mp_comment/1548806985445100g10000000pv0yf7DFC_D_640_10000.jpg_228x168_cdb68221.jpg',90),(96,'http://img1.qunarzz.com/p/tts0/1808/82/3536050db762402.jpg_228x168_52baa569.jpg',100),(97,'http://img1.qunarzz.com/p/tts0/1808/97/a225e3e362551a02.jpg_228x168_77e55fe8.jpg',100),(98,'http://img1.qunarzz.com/p/tts3/1808/85/8a35c4e46b9e4402.jpg_228x168_ed44549a.jpg',100),(99,'http://img1.qunarzz.com/p/tts0/1808/9f/cd76bf232c05b002.jpg_228x168_6cd543b6.jpg',100),(100,'http://img1.qunarzz.com/p/tts6/1808/ad/8a0282cfa5c1f02.jpg_228x168_533eb7aa.jpg',100),(101,'http://img1.qunarzz.com/piao/fusion/1801/47/f988f3961facbd02.jpg_228x168_2bd92f8c.jpg',100),(102,'http://img1.qunarzz.com/piao/fusion/1801/5d/d30bc60cf33b8602.jpg_228x168_97c50979.jpg',100),(103,'http://img1.qunarzz.com/piao/fusion/1801/ca/2ded090b25805402.jpg_228x168_1608e610.jpg',100),(104,'http://mp-piao-admincp.qunarzz.com/mp_piao_admin_mp_piao_admin/fusion/20191/b686309a5fd82ec8eb26a1b46e5eafa4.jpg_228x168_151427b1.jpg',111),(105,'http://mp-piao-admincp.qunarzz.com/mp_piao_admin_mp_piao_admin/fusion/20191/c4a98567acb8b154fd40b43df5673a22.jpg_228x168_932e960f.jpg',111),(106,'http://img1.qunarzz.com/p/tts0/1806/d7/fe939061b3e02502.jpg_228x168_19434331.jpg',122),(107,'http://img1.qunarzz.com/p/tts9/1806/e3/6c0e126c3e91ef02.jpg_228x168_b1bea3b4.jpg',122),(108,'http://img1.qunarzz.com/p/tts5/1806/d2/9dc8ff8fec58ca02.jpg_228x168_51dcf4ae.jpg',122),(109,'http://img1.qunarzz.com/p/tts1/1806/f4/ee397d1aff898c02.jpg_228x168_fa185842.jpg',122),(110,'http://img1.qunarzz.com/p/tts2/1806/35/bb9b0550a4e7a102.jpg_228x168_e922d2d2.jpg',122),(111,'http://img1.qunarzz.com/p/tts2/1806/ea/2817e9d513d6b02.jpg_228x168_e311931d.jpg',122),(112,'http://img1.qunarzz.com/p/tts4/1809/68/4537a7847e669e02.jpg_228x168_60963922.jpg',122),(113,'http://img1.qunarzz.com/p/tts6/1809/c4/45319b0396cfc602.jpg_228x168_11bd75f1.jpg',122),(114,'http://img1.qunarzz.com/p/tts4/1809/2c/c4f3ba51fd1dff02.jpg_228x168_06bdf57b.jpg',122),(115,'http://img1.qunarzz.com/p/tts4/1809/4d/59749ab92de26702.jpg_228x168_17e913d2.jpg',122),(116,'http://img1.qunarzz.com/p/tts8/1809/59/7026168d1d8f6902.jpg_228x168_1b107359.jpg',122),(117,'http://img1.qunarzz.com/piao/fusion/1801/b9/b0242cb48f736202.jpg_228x168_12205820.jpg',132),(118,'http://img1.qunarzz.com/piao/fusion/1810/cf/2da5010de4ffba02.jpg_228x168_b5c9b05e.jpg',132),(119,'http://img1.qunarzz.com/piao/fusion/1810/e5/1e12d7cd3b244202.jpg_228x168_3613ecb6.jpg',132),(120,'http://img1.qunarzz.com/piao/fusion/1810/f5/97d0ece4800c4502.jpg_228x168_dd1c7e99.jpg',132),(121,'http://img1.qunarzz.com/piao/fusion/1810/b9/cd4e895523328a02.jpg_228x168_67179004.jpg',132),(122,'http://img1.qunarzz.com/piao/fusion/1809/9b/ea34ebb9a618d002.jpg_228x168_2abfc512.jpg',144),(123,'http://img1.qunarzz.com/piao/fusion/1809/d3/4eaf08caa1803302.jpg_228x168_b48a9137.jpg',144),(124,'http://img1.qunarzz.com/piao/fusion/1809/ac/96c37b9d150fd102.jpg_228x168_12ba3137.jpg',144),(125,'http://img1.qunarzz.com/piao/fusion/1809/23/b92e7a113034a102.jpg_228x168_0e2b247c.jpg',144),(126,'http://img1.qunarzz.com/piao/fusion/1808/d4/baaf39b2b5fae302.jpg_228x168_bfefee22.jpg',144),(127,'http://img1.qunarzz.com/piao/fusion/1808/fe/8120c3c156ad6802.jpg_228x168_001bcdf1.jpg',144),(128,'http://img1.qunarzz.com/piao/fusion/1808/19/5ae468bd3e018d02.jpg_228x168_f4c2b50a.jpg',144),(129,'http://img1.qunarzz.com/piao/fusion/1808/6e/c5d5bde3aff65802.jpg_228x168_1853a457.jpg',144),(130,'http://img1.qunarzz.com/piao/fusion/1808/41/e841b8cf62d63902.jpg_228x168_ce094236.jpg',144);
/*!40000 ALTER TABLE `comment_image` ENABLE KEYS */;
UNLOCK TABLES;

--
-- Table structure for table `order`
--

DROP TABLE IF EXISTS `order`;
/*!40101 SET @saved_cs_client     = @@character_set_client */;
/*!40101 SET character_set_client = utf8 */;
CREATE TABLE `order` (
  `id` int(11) NOT NULL AUTO_INCREMENT,
  `name` varchar(100) DEFAULT NULL,
  `price` float DEFAULT NULL,
  `count` int(11) DEFAULT NULL,
  `user_id` int(11) DEFAULT NULL,
  `attractions_id` int(11) DEFAULT NULL,
  PRIMARY KEY (`id`)
) ENGINE=InnoDB AUTO_INCREMENT=9 DEFAULT CHARSET=utf8;
/*!40101 SET character_set_client = @saved_cs_client */;

--
-- Dumping data for table `order`
--

LOCK TABLES `order` WRITE;
/*!40000 ALTER TABLE `order` DISABLE KEYS */;
INSERT INTO `order` VALUES (1,'æå®«',100,NULL,1,3),(2,'æå®«',100,NULL,1,3),(3,'æå®«',100,NULL,1,3),(4,'æå®«',100,NULL,1,3),(5,'故宫',100,NULL,1,3),(6,'æå®«',100,NULL,1,3),(7,'故宫',100,NULL,1,3),(8,'故宫',100,NULL,2,3);
/*!40000 ALTER TABLE `order` ENABLE KEYS */;
UNLOCK TABLES;

--
-- Table structure for table `user`
--

DROP TABLE IF EXISTS `user`;
/*!40101 SET @saved_cs_client     = @@character_set_client */;
/*!40101 SET character_set_client = utf8 */;
CREATE TABLE `user` (
  `id` int(11) NOT NULL AUTO_INCREMENT,
  `name` varchar(64) DEFAULT NULL,
  `password` varchar(128) DEFAULT NULL,
  `tel` varchar(13) DEFAULT NULL,
  PRIMARY KEY (`id`)
) ENGINE=InnoDB AUTO_INCREMENT=3 DEFAULT CHARSET=utf8;
/*!40101 SET character_set_client = @saved_cs_client */;

--
-- Dumping data for table `user`
--

LOCK TABLES `user` WRITE;
/*!40000 ALTER TABLE `user` DISABLE KEYS */;
INSERT INTO `user` VALUES (2,'高杨浩','123456','1234567');
/*!40000 ALTER TABLE `user` ENABLE KEYS */;
UNLOCK TABLES;
/*!40103 SET TIME_ZONE=@OLD_TIME_ZONE */;

/*!40101 SET SQL_MODE=@OLD_SQL_MODE */;
/*!40014 SET FOREIGN_KEY_CHECKS=@OLD_FOREIGN_KEY_CHECKS */;
/*!40014 SET UNIQUE_CHECKS=@OLD_UNIQUE_CHECKS */;
/*!40101 SET CHARACTER_SET_CLIENT=@OLD_CHARACTER_SET_CLIENT */;
/*!40101 SET CHARACTER_SET_RESULTS=@OLD_CHARACTER_SET_RESULTS */;
/*!40101 SET COLLATION_CONNECTION=@OLD_COLLATION_CONNECTION */;
/*!40111 SET SQL_NOTES=@OLD_SQL_NOTES */;

-- Dump completed on 2019-06-04  7:38:58
